Name,LinkedIn URL
Adele Waugaman,https://www.linkedin.com/in/waugaman/
Aferdita Bytyqi,https://www.linkedin.com/in/aferditabytyqi/
Agnès Couffinhal,https://www.linkedin.com/in/agn%C3%A8s-couffinhal-4409764b/
Agnes Soucat,https://www.linkedin.com/in/agnes-soucat-md-mph-ph-d-a9024413/
Ana Estela Haddad,https://www.linkedin.com/in/ana-estela-haddad-34989644/
Anaita Singh,https://www.linkedin.com/in/anaitasingh/
Andrea Martina Studer,https://www.linkedin.com/in/andrea-studer-953835a7/
Angela Nzioki,https://www.linkedin.com/in/angelanzioki/
Angélica Baptista Silva,https://www.linkedin.com/in/angelicabaptista/
Ann Aerts,https://www.linkedin.com/in/ann-aerts-87321516/
Anne Forsyth,https://www.linkedin.com/in/anne-forsyth-9175394a/
Anne Stake,https://www.linkedin.com/in/anne-stake-015b634/
Annie (Mary-Anne) Hartley,https://www.linkedin.com/in/anniehartley
Assiatou Kama Niang,https://www.linkedin.com/in/assiatou-kama-niang-2410b2a7/
Audrey TOURE,https://www.linkedin.com/in/audrey-toure-b5a8b0213/
Béatrice Garrette,https://www.linkedin.com/in/beatrice-garrette-302a9415/
Beatrice Murage,https://www.linkedin.com/in/beatrice-murage-7104b2a/
Carol Kamasaka,https://www.linkedin.com/in/carolkamasaka/
Carolina Batista,https://www.linkedin.com/in/carolina-batista-md-mph-a9024413/
Caroline (Franck) Perrin,https://www.linkedin.com/in/caroline-franck-perrin-71a7a414/
Caroline Shakwei Mbindyo,https://www.linkedin.com/in/caroline-mbindyo-9828a113/
Christina Villella,https://www.linkedin.com/in/christina-villella-0275a52b/
Danielle (Danny) Simpson-Cupido,https://www.linkedin.com/in/danielle-simpson-cupido-63870814/
Derya Şahin (Dr),https://www.linkedin.com/in/deryasahin/
Effy Vayena,https://www.linkedin.com/in/effy-vayena-34301614/
Erica Layer,https://www.linkedin.com/in/ericalayer/
Fazilah Shaik Allaudin,https://www.linkedin.com/in/fazilahshaikallaudin/
Florence Gaudry-Perkins,https://www.linkedin.com/in/florenceperkins/
Ilona Kickbusch,https://www.linkedin.com/in/ilonakickbusch/
Iveth J. González,https://www.linkedin.com/in/iveth-j-gonzalez-3617321a/
Jacqueline Pienaar,https://www.linkedin.com/in/jacqueline-pienaar-8b2b7337/
Jennifer Nelson,https://www.linkedin.com/in/jennifer-nelson-5460224/
Joseline Carías Galeano,https://www.linkedin.com/in/joseline-car%C3%ADas-galeano-9a117b44/
Joy Kamunyori,https://www.linkedin.com/in/jkamunyori/
Kalipso Chalkidou,https://www.linkedin.com/in/kalipso-chalkidou-9993358/
Karen Austrian,https://www.linkedin.com/in/karen-austrian-73a70712/
Karin Källander,https://www.linkedin.com/in/karinkallander/
Kirsten Mathieson,https://www.linkedin.com/in/kirstenmathieson/
Lauren Wall,https://www.linkedin.com/in/lauren-wall-03598517/
Leah Eklabadh,https://www.linkedin.com/in/leaheklubadh/
Leona Rosenblum,https://www.linkedin.com/in/leona-rosenblum-32b0057/
Madeleine Ballard (Dr),https://www.linkedin.com/in/madeleine-ballard-a3203816/
Magda Lopes Queta,https://www.linkedin.com/in/magda-lopes-queta-464a7815/
Manisha Bhinge,https://www.linkedin.com/in/manisha-bhinge-5555474/
Marelize Gorgens Prestidge,https://www.linkedin.com/in/marelize-gorgens-7b3b652/
Mathilde Forslund,https://www.linkedin.com/in/mathilde-forslund-5561a310/
Modupe Agueh McCracken,https://www.linkedin.com/in/modupe-agueh-mccracken-4a00501b/
Mou Nandi,https://www.linkedin.com/in/mounandi/
Nanjira Sambuli,https://www.linkedin.com/in/nanjirasambuli/
Natasha Azzopardi Muscat,https://www.linkedin.com/in/natasha-azzopardi-muscat-86001a14/
Natasha Sunderji,https://www.linkedin.com/in/natashasunderji/
Neema K. Lugangira,https://www.linkedin.com/in/neemalugangira/
Neha Verma,https://www.linkedin.com/in/neha-verma-9a405625/
Nelly Ale,https://www.linkedin.com/in/nelly-ale-8b656b20/
Nicole Spieker,https://www.linkedin.com/in/nicolespieker/
Njide Ndili,https://www.linkedin.com/in/njide-ndili-8495037/
Nnenna Nwakanma,https://www.linkedin.com/in/nnenna/
Ntombifikile Nokwethemba Mtshali (Dr),https://www.linkedin.com/in/ntombifikile-nokwethemba-mtshali-9b4b0811/
Olivia Velez,https://www.linkedin.com/in/oliviavelez/
Olutola Vivian Awosiku,https://www.linkedin.com/in/olutolavivian/
Patty Mechael,https://www.linkedin.com/in/patricia-mechael-a696001/
Peiling Yap,https://www.linkedin.com/in/peiling-yap-27b32230/
Primrose Matambanadzo,https://www.linkedin.com/in/primrose-matambanadzo-14022a46/
Priya Balasubramaniam,https://www.linkedin.com/in/priya-balasubramaniam-24080a2/
Priya Morjaria,https://www.linkedin.com/in/priyamorjaria/
Roopan Gill,https://www.linkedin.com/in/roopan-gill-md-mph-frcsc-97594511/
Rose Nzyoka,https://www.linkedin.com/in/rose-nzyoka-6a4a0815/
Rosemary K Muliokela,https://www.linkedin.com/in/rosemarymuliokela/
Samira Abdulrashid (Dr),https://www.linkedin.com/in/samiraabdulrashid/
Sara (Meg) Davis,https://www.linkedin.com/in/megdavis/
Sherri Haas,https://www.linkedin.com/in/sherrihaas/
Smisha Agarwal,https://www.linkedin.com/in/smisha-agarwal-325a6916/
Sophia Pirsch,https://www.linkedin.com/in/sophia-pirsch-93504a11b/
Stephanie Watson-Grant,https://www.linkedin.com/in/stephanie-watson-grant-drph-9336b211/
Sukanya Poddar,https://www.linkedin.com/in/sukanyapoddar/
Tara Nutley,https://www.linkedin.com/in/taranutley/
Thobekile Finger,https://www.linkedin.com/in/thobekile-finger-b9a38520/
Vidya Mahadevan,https://www.linkedin.com/in/vidyamahadevan/
Viviane (Dr V) Oke,https://www.linkedin.com/in/viviane-oke-4395061b/
Yacine Diop Djibo,https://www.linkedin.com/in/yacine-djibo-5561a310/
Yashmita Naidoo,https://www.linkedin.com/in/yashmita-naidoo-4632b014/
